﻿<?xml version="1.0" encoding="utf-8" ?>
<Defs>
	<!-- This is needed to patch male names of AT submods -->
	<RulePackDef>
    <defName>AndroidAtlasStandard</defName>
    <rulePack>
      <rulesStrings>
        <li>name->[AndroidAtlasStandardNames] [NumberAtlasAndroid]</li>

      </rulesStrings>
      <rulesRaw>
        <li Class="Rule_File">
          <keyword>AndroidAtlasStandardNames</keyword>
          <path>AndroidAtlas_Names/AndroidNameMale</path>
        </li>
        <li Class="Rule_File">
          <keyword>NumberAtlasAndroid</keyword>
          <path>AndroidAtlas_Names/NumbersAndroid</path>
        </li>
      </rulesRaw>
    </rulePack>
  </RulePackDef>
<!-- This is for gynoid female names, but also submod female names. -->
  <RulePackDef>
    <defName>AndroidAtlasGynoid</defName>
    <rulePack>
      <rulesFiles>
        <li>AndFirstMale->AndroidAtlas_Names/AndroidNameMale</li>
        <li>AndFirstFemale->AndroidAtlas_Names/AndroidNameFemale</li>
        <li>AndLast->AndroidAtlas_Names/NumbersAndroid</li>
      </rulesFiles>
    </rulePack>
  </RulePackDef>
    
  <RulePackDef>
    <defName>NamerAndroidMale</defName>
    <include>
      <li>AndroidAtlasGynoid</li>
    </include>
    <rulePack>
      <rulesStrings>
        <li>r_name(p=12)->[AndFirstMale] [AndLast]</li>
      </rulesStrings>
    </rulePack>
  </RulePackDef>

  <RulePackDef>
    <defName>NamerAndroidFemale</defName>
    <include>
      <li>AndroidAtlasGynoid</li>
    </include>
    <rulePack>
      <rulesStrings>
        <li>r_name(p=12)->[AndFirstFemale] [AndLast]</li>
      </rulesStrings>
    </rulePack>
  </RulePackDef>
  
  <RulePackDef>
    <defName>AndroidAtlasArchotech</defName>
    <rulePack>
      <rulesStrings>
        <li>name->[AndroidAtlasArchotechNames] Lo' [AndroidAtlasArchotechEnding]</li>

      </rulesStrings>
      <rulesRaw>
        <li Class="Rule_File">
          <keyword>AndroidAtlasArchotechNames</keyword>
          <path>AndroidAtlas_Names/AndroidArchotechName</path>
        </li>
        <li Class="Rule_File">
          <keyword>AndroidAtlasArchotechEnding</keyword>
          <path>AndroidAtlas_Names/AndroidArchotechEnding</path>
        </li>
      </rulesRaw>
    </rulePack>
  </RulePackDef>

</Defs>