<?xml version="1.0" encoding="utf-8" ?>
<Defs>


  <ThingDef ParentName="BuildingCreatorBase">
        <defName>T1GynoidGeneratorAI</defName>
        <label>T1 Gynoid</label>
        <comps>
		<li Class="MOARANDROIDS.SpawnerCompProperties_GenericSpawner">
            <compClass>MOARANDROIDS.CompAndroidSpawnerGeneric</compClass>
			<Pawnkind>AndroidT1Colonist</Pawnkind>
			<gender>1</gender>
		</li>
        </comps>
    </ThingDef>
	
    <ThingDef ParentName="BuildingCreatorBase">
        <defName>T2GynoidGeneratorAI</defName>
        <label>T2 Gynoid</label>
        <comps>
		<li Class="MOARANDROIDS.SpawnerCompProperties_GenericSpawner">
            <compClass>MOARANDROIDS.CompAndroidSpawnerGeneric</compClass>
			<Pawnkind>AndroidT2Colonist</Pawnkind>
			<gender>1</gender>
		</li>
        </comps>
    </ThingDef>

    <ThingDef ParentName="BuildingCreatorBase">
        <defName>T3GynoidGeneratorAI</defName>
        <label>T3 Gynoid</label>
        <comps>
		<li Class="MOARANDROIDS.SpawnerCompProperties_GenericSpawner">
            <compClass>MOARANDROIDS.CompAndroidSpawnerGeneric</compClass>
			<Pawnkind>AndroidT3Colonist</Pawnkind>
			<gender>1</gender>
		</li>
        </comps>
    </ThingDef>

    <ThingDef ParentName="BuildingCreatorBase">
        <defName>T4GynoidGeneratorAI</defName>
        <label>T4 Gynoid</label>
        <comps>
		<li Class="MOARANDROIDS.SpawnerCompProperties_GenericSpawner">
            <compClass>MOARANDROIDS.CompAndroidSpawnerGeneric</compClass>
			<Pawnkind>AndroidT4Colonist</Pawnkind>
			<gender>1</gender>
		</li>
        </comps>
    </ThingDef>

	<ThingDef ParentName="BuildingCreatorBase">
        <defName>T5GynoidGeneratorAI</defName>
        <label>T5 Gynoid</label>
        <comps>
		<li Class="MOARANDROIDS.SpawnerCompProperties_GenericSpawner">
            <compClass>MOARANDROIDS.CompAndroidSpawnerGeneric</compClass>
			<Pawnkind>AndroidT5Colonist</Pawnkind>
			<gender>1</gender>
		</li>
        </comps>
    </ThingDef>
	
</Defs>
