<?xml version="1.0" encoding="utf-8"?>
<Defs>
	<AlienRace.ThingDef_AlienRace ParentName="BasePawn">
		<defName>Android2Tier</defName>
		<label>T2 Android</label>
		<description>A somewhat advanced android, capable of almost perfectly storing an AI consciousness and with reasonable levels of motor skills. A good all round android that is uses extensively on glitterworlds for basic maintenance and cleaning.</description>
		<alienRace>
			<raceRestriction>
				<traitList>
					<li>FeelingsTowardHumanity</li>
				</traitList>
			</raceRestriction>
			<generalSettings>
				<maleGenderProbability>.5</maleGenderProbability>
				<allowHumanBios>false</allowHumanBios>
				<maxDamageForSocialfight>6</maxDamageForSocialfight>
				<immuneToAge>false</immuneToAge>
				<disallowedTraits>
					<li>
						<defName>DrugDesire</defName>
					</li>
					<li>
						<defName>AnnoyingVoice</defName>
					</li>
					<li>
						<defName>CreepyBreathing</defName>
					</li>
					<li>
						<defName>Pyromaniac</defName>
					</li>
					<li>
						<defName>Wimp</defName>
					</li>
					<li>
						<defName>Masochist</defName>
					</li>
					<li>
						<defName>Nudist</defName>
					</li>
					<li>
						<defName>NightOwl</defName>
					</li>
					<li>
						<defName>Transhumanist</defName>
					</li>
					<li>
						<defName>BodyPurist</defName>
					</li>
					<li>
						<defName>Beauty</defName>
					</li>
					<li>
						<defName>Immunity</defName>
					</li>
					<li>
						<defName>Jealous</defName>
					</li>
					<li>
						<defName>Tough</defName>
					</li>
					<li>
						<defName>MechAtlas</defName>
					</li>
				</disallowedTraits>
				<notXenophobistTowards>
					<li>Android4Tier</li>
					<li>Android3Tier</li>
					<li>Android1Tier</li>
				</notXenophobistTowards>
				<alienPartGenerator>
					<alienbodytypes>
						<li>Male</li>
						<li>Female</li>
					</alienbodytypes>
					<aliencrowntypes>
						<li>Average_Normal</li>
						<li>AndroidPaintJob_2</li>
					</aliencrowntypes>
					<colorChannels>
						<li>
							<name>skin</name>
							<first Class="ColorGenerator_Options">
								<options>
									<li>
										<weight>10</weight>
										<only>RGBA(0.90,0.90,0.80,1)</only>
									</li>
									<li>
										<weight>10</weight>
										<only>RGBA(0.70,0.70,0.70,1)</only>
									</li>
									<li>
										<weight>10</weight>
										<only>RGBA(0.50,0.50,0.50,1)</only>
									</li>
									<li>
										<weight>5</weight>
										<only>RGBA(0.80,0.80,0.7,1)</only>
									</li>
									<li>
										<weight>5</weight>
										<only>RGBA(0.7,0.70,0.60,1)</only>
									</li>
									<li>
										<weight>5</weight>
										<only>RGBA(0.85,0.85,0.80,1)</only>
									</li>
								</options>
							</first>
							<second Class="ColorGenerator_Options">
								<options>
									<li>
										<weight>10</weight>
										<min>RGBA(0,0.1,0.1,1)</min>
										<max>RGBA(0.3,0.4,0.4,1)</max>
									</li>
								</options>
							</second>
						</li>
					</colorChannels>
				</alienPartGenerator>
			</generalSettings>
			<graphicPaths>
				<li>
					<body>Things/Droids/tier2/body/</body>
					<head>Things/Droids/tier2/head/</head>
				</li>
			</graphicPaths>
			<styleSettings>
                <li>
                    <key>HairDef</key>
                    <value>
                        <hasStyle>false</hasStyle>
                    </value>
                </li>
				<li>
                    <key>BeardDef</key>
                    <value>
                        <hasStyle>false</hasStyle>
                    </value>
                </li>
				<li>
                    <key>TattooDef</key>
                    <value>
                        <hasStyle>false</hasStyle>
                    </value>
                </li>
            </styleSettings>
			<thoughtSettings>
				<cannotReceiveThoughtsAtAll>false</cannotReceiveThoughtsAtAll>
				<cannotReceiveThoughts>
					<li>NeedFood</li>
					<li>Naked</li>
					<li>Pain</li>
					<li>ArtifactMoodBoost</li>
					<li>DeadMansApparel</li>
					<li>EnvironmentCold</li>
					<li>EnvironmentHot</li>
				</cannotReceiveThoughts>
			</thoughtSettings>
			<relationSettings>
				<relationChanceModifierChild>0</relationChanceModifierChild>
				<relationChanceModifierExLover>0</relationChanceModifierExLover>
				<relationChanceModifierExSpouse>0</relationChanceModifierExSpouse>
				<relationChanceModifierFiance>0</relationChanceModifierFiance>
				<relationChanceModifierLover>0</relationChanceModifierLover>
				<relationChanceModifierParent>0</relationChanceModifierParent>
				<relationChanceModifierSibling>0</relationChanceModifierSibling>
				<relationChanceModifierSpouse>0</relationChanceModifierSpouse>
			</relationSettings>
			<compatibility>
				<isFlesh>false</isFlesh>
			</compatibility>
		</alienRace>
		<statBases>
			<MarketValue>2500</MarketValue>
			<MoveSpeed>4.50</MoveSpeed>
			<Flammability>0.2</Flammability>
			<PsychicSensitivity>0.2</PsychicSensitivity>
			<ComfyTemperatureMin>-40</ComfyTemperatureMin>
			<ComfyTemperatureMax>40</ComfyTemperatureMax>
			<PainShockThreshold>5</PainShockThreshold>
			<ToxicSensitivity>0.15</ToxicSensitivity>
			<WorkSpeedGlobal>0.8</WorkSpeedGlobal>
			<MentalBreakThreshold>0.08</MentalBreakThreshold>
			<GlobalLearningFactor>0.9</GlobalLearningFactor>
			<ImmunityGainSpeed>10</ImmunityGainSpeed>
			<LeatherAmount>0</LeatherAmount>
			<MeatAmount>0</MeatAmount>
			<SocialImpact>0.8</SocialImpact>
			<ArmorRating_Blunt>0.20</ArmorRating_Blunt>
			<ArmorRating_Sharp>0.25</ArmorRating_Sharp>
			<FoodPoisonChance>0.3</FoodPoisonChance>
			<ButcheryFleshEfficiency>0.7</ButcheryFleshEfficiency>
			<MedicalTendQuality>0.6</MedicalTendQuality>
			<MedicalSurgerySuccessChance>0.8</MedicalSurgerySuccessChance>
			<Mass>62.5</Mass>
		</statBases>
		<tools>
			<li>
				<label>right fist</label>
				<capacities>
					<li>Blunt</li>
				</capacities>
				<power>6</power>
				<cooldownTime>1.2</cooldownTime>
				<linkedBodyPartsGroup>RightHand</linkedBodyPartsGroup>
				<surpriseAttack>
					<extraMeleeDamages>
						<li>
							<def>Stun</def>
							<amount>22</amount>
						</li>
					</extraMeleeDamages>
				</surpriseAttack>
			</li>
			<li>
				<label>left fist</label>
				<capacities>
					<li>Blunt</li>
				</capacities>
				<power>6</power>
				<cooldownTime>1.2</cooldownTime>
				<linkedBodyPartsGroup>LeftHand</linkedBodyPartsGroup>
				<surpriseAttack>
					<extraMeleeDamages>
						<li>
							<def>Stun</def>
							<amount>22</amount>
						</li>
					</extraMeleeDamages>
				</surpriseAttack>
			</li>
			<li>
				<label>head</label>
				<capacities>
					<li>Blunt</li>
				</capacities>
				<power>4</power>
				<cooldownTime>1.2</cooldownTime>
				<linkedBodyPartsGroup>HeadAttackTool</linkedBodyPartsGroup>
				<chanceFactor>0.2</chanceFactor>
			</li>
		</tools>
		<race>
			<thinkTreeMain>AndroidLike</thinkTreeMain>
			<thinkTreeConstant>HumanlikeConstant</thinkTreeConstant>
			<intelligence>Humanlike</intelligence>
			<makesFootprints>true</makesFootprints>
			<lifeExpectancy>500</lifeExpectancy>
			<leatherDef>Tainted_Skin</leatherDef>
			<nameGenerator>NamerAndroidMale</nameGenerator>
			<nameGeneratorFemale>NamerAndroidFemale</nameGeneratorFemale>
			<body>Android4Tier</body>
			<baseHealthScale>0.8</baseHealthScale>
			<needsRest>false</needsRest>
			<foodType>OmnivoreHuman</foodType>
			<baseHungerRate>0.7</baseHungerRate>
			<fleshType>AndroidTier</fleshType>
			<bloodDef>CoolantAndroidTier</bloodDef>
			<useMeatFrom>Alpaca</useMeatFrom>
			<baseBodySize>0.8</baseBodySize>
			<gestationPeriodDays>1</gestationPeriodDays>
			<canBePredatorPrey>false</canBePredatorPrey>
			<lifeStageAges>
				<li>
					<def>HumanlikeAdult</def>
					<minAge>0</minAge>
				</li>
			</lifeStageAges>
			<litterSizeCurve>
				<points>
					<li>(0.5, 0)</li>
					<li>(1, 1)</li>
					<li>(1.01, 0.02)</li>
					<li>(3.5, 0)</li>
				</points>
			</litterSizeCurve>
			<soundMeleeHitPawn>Pawn_Melee_Punch_HitPawn</soundMeleeHitPawn>
			<soundMeleeHitBuilding>Pawn_Melee_Punch_HitBuilding</soundMeleeHitBuilding>
			<soundMeleeMiss>Pawn_Melee_Punch_Miss</soundMeleeMiss>
			<specialShadowData>
				<volume>(0.3, 0.8, 0.4)</volume>
				<offset>(0,0,0)</offset>
			</specialShadowData>
			<ageGenerationCurve>
				<points>
					<li>(0,0)</li>
					<li>(1,100)</li>
					<li>(2,100)</li>
					<li>(20,5)</li>
					<li>(50,15)</li>
					<li>(100,40)</li>
					<li>(200,30)</li>
					<li>(400,20)</li>
					<li>(480,15)</li>
					<li>(500,0)</li>
				</points>
			</ageGenerationCurve>
			<hediffGiverSets>
				<li>AndroidStandardAtlas</li>
			</hediffGiverSets>
		</race>
		<recipes>
			<li>ATPP_InstallT2ArtificialBrain</li>
			<li>ATPP_ApplyHealCPUSerum</li>
			<li>ATPP_ApplyHealCoolingSystem</li>
			<li>ATPP_ApplyHealFrameworkSystem</li>
			<li>ATPP_ApplyHydraulicNaniteBank</li>
			<li>ATPP_InstallRXChipOnAndroid</li>
			<li>ATPP_InstallVX0ChipOnAndroid</li>
			<li>ATPP_InstallVX1ChipOnAndroid</li>
			<li>ATPP_InstallVX2ChipOnAndroid</li>
			<li>ATPP_InstallVX3ChipOnAndroid</li>
			<li>ATPP_PaintAndroidFrameworkDefault</li>
			<li>ATPP_PaintAndroidFrameworkRed</li>
			<li>ATPP_PaintAndroidFrameworkOrange</li>
			<li>ATPP_PaintAndroidFrameworkYellow</li>
			<li>ATPP_PaintAndroidFrameworkKhaki</li>
			<li>ATPP_PaintAndroidFrameworkGreen</li>
			<li>ATPP_PaintAndroidFrameworkBlue</li>
			<li>ATPP_PaintAndroidFrameworkCyan</li>
			<li>ATPP_PaintAndroidFrameworkPurple</li>
			<li>ATPP_PaintAndroidFrameworkPink</li>
			<li>ATPP_PaintAndroidFrameworkBlack</li>
			<li>ATPP_PaintAndroidFrameworkWhite</li>
			<li>AdministerMechSerumHealer</li>
			<li>InstallJoywire</li>
			<li>InstallBasicReplacementArm</li>
			<li>InstallBasicReplacementLeg</li>
			<li>InstallLightReceivingDiode</li>
			<li>InstallCrudeHeatsink</li>
			<li>InstallFlimsyCoolantPump</li>
			<li>InstallSmallBatteryPack</li>
			<li>InstallTubeSealantTank</li>
			<li>InstallLowPowerTransformer</li>
			<li>InstallBasicDCConverter</li>
			<li>InstallBasicPlating</li>
			<li>InstallAdvPlating</li>
			<li>RemoveBodyPartAndroid</li>
			<li>ShutdownAndroid</li>
			<li>InstallAdvancedReplacementLeg</li>
			<li>InstallAdvancedReplacementArm</li>
			<li>InstallFarmingMindImplant</li>
			<li>InstallAnimalMindImplant</li>
			<li>InstallNegotiationMindImplant</li>
			<li>InstallCharismaMindImplant</li>
			<li>InstallPositronMindImplant</li>
			<li>InstallSoldierMindImplant</li>
			<li>InstallBuilderMindImplant</li>
			<li>InstallSurgeonMindImplant</li>
			<li>InstallSpeedMindImplant</li>
			<li>InstallGeoMindImplant</li>
			<li>InstallMechanicMindImplant</li>
			<li>InstallCookingMindImplant</li>
			<li>InstallUnskilledMindImplant</li>
			<li>InstallEvolvingMindImplant</li>
			<li>InstallMakeshiftReplacementArm</li>
			<li>InstallMakeshiftReplacementLeg</li>
			<li>InstallSmellingAdvS</li>
			<li>InstallCrudeHearingS</li>
			<li>InstallHydraulicFrame</li>
			<li>InstallHydraulicReplacementLeg</li>
			<li>InstallHydraulicReplacementArm</li>
			<li>InstallDrill_ATArm</li>
			<li>ReprogramTraitsAndroidSimple</li>
			<li>OverclockAndroid</li>
			<li>RemoveAndroidSentience</li>
			<li>RerollAndroidTraits</li>
			
						<li>InstallCrudeSmellingS</li>
			<!--InstallPlating-->
		</recipes>
		<butcherProducts>
			<Plasteel>20</Plasteel>
			<ComponentIndustrial>3</ComponentIndustrial>
		</butcherProducts>
		<modExtensions>
			<li Class="MOARANDROIDS.AndroidTweaker">
				<tweakCorpseRot>true</tweakCorpseRot>
			</li>
		</modExtensions>
	</AlienRace.ThingDef_AlienRace>
</Defs>