<?xml version="1.0" encoding="utf-8"?>
<Defs>
	<AlienRace.ThingDef_AlienRace ParentName="BasePawn">
		<defName>Android1Tier</defName>
		<label>T1 Android</label>
		<description>As simple as sentient robotics can get. This design is the bare skeletal amount of components needed to create full autonomous functionality. Obviously not the best but it works well when needed.</description>
		<alienRace>
			<raceRestriction>
				<traitList>
					<li>SimpleMindedAndroid</li>
					<li>FeelingsTowardHumanity</li>
				</traitList>
			</raceRestriction>
			<generalSettings>
				<allowHumanBios>false</allowHumanBios>
				<forcedRaceTraitEntries>
					<li>
						<defName>SimpleMindedAndroid</defName>
						<chance>100</chance>
					</li>
				</forcedRaceTraitEntries>
				<maleGenderProbability>.5</maleGenderProbability>
				<maxDamageForSocialfight>6</maxDamageForSocialfight>
				<immuneToAge>false</immuneToAge>
				<disallowedTraits>
					<li>
						<defName>DrugDesire</defName>
					</li>
					<li>
						<defName>AnnoyingVoice</defName>
					</li>
					<li>
						<defName>CreepyBreathing</defName>
					</li>
					<li>
						<defName>Pyromaniac</defName>
					</li>
					<li>
						<defName>Wimp</defName>
					</li>
					<li>
						<defName>Masochist</defName>
					</li>
					<li>
						<defName>NightOwl</defName>
					</li>
					<li>
						<defName>Jealous</defName>
					</li>
					<li>
						<defName>Nudist</defName>
					</li>
					<li>
						<defName>Transhumanist</defName>
					</li>
					<li>
						<defName>BodyPurist</defName>
					</li>
					<li>
						<defName>Beauty</defName>
					</li>
					<li>
						<defName>Immunity</defName>
					</li>
					<li>
						<defName>Tough</defName>
					</li>
					<li>
						<defName>MechAtlas</defName>
					</li>
				</disallowedTraits>
				<notXenophobistTowards>
					<li>Human</li>
					<li>Android4Tier</li>
					<li>Android3Tier</li>
					<li>Android2Tier</li>
				</notXenophobistTowards>
				<alienPartGenerator>
					<alienbodytypes>
						<li>Male</li>
						<li>Female</li>
					</alienbodytypes>
					<colorChannels>
						<li>
							<name>skin</name>
							<first Class="ColorGenerator_Options">
								<options>
									<li>
										<weight>10</weight>
										<only>RGBA(0.90,0.90,0.80,1)</only>
									</li>
									<li>
										<weight>10</weight>
										<only>RGBA(0.90,0.90,0.70,1)</only>
									</li>
									<li>
										<weight>10</weight>
										<only>RGBA(0.85,0.85,0.65,1)</only>
									</li>
									<li>
										<weight>5</weight>
										<only>RGBA(0.80,0.80,0.7,1)</only>
									</li>
									<li>
										<weight>5</weight>
										<only>RGBA(0.7,0.70,0.60,1)</only>
									</li>
									<li>
										<weight>5</weight>
										<only>RGBA(0.85,0.85,0.80,1)</only>
									</li>
									<li>
										<weight>5</weight>
										<only>RGBA(0.8,0.9,0.80,1)</only>
									</li>
								</options>
							</first>
						</li>
					</colorChannels>
				</alienPartGenerator>
			</generalSettings>
			<graphicPaths>
				<li>
					<body>Things/Droids/tier1/body/</body>
					<head>Things/Droids/tier1/head/</head>
				</li>
			</graphicPaths>
			<styleSettings>
                <li>
                    <key>HairDef</key>
                    <value>
                        <hasStyle>false</hasStyle>
                    </value>
                </li>
				<li>
                    <key>BeardDef</key>
                    <value>
                        <hasStyle>false</hasStyle>
                    </value>
                </li>
				<li>
                    <key>TattooDef</key>
                    <value>
                        <hasStyle>false</hasStyle>
                    </value>
                </li>
            </styleSettings>
			<thoughtSettings>
				<cannotReceiveThoughtsAtAll>false</cannotReceiveThoughtsAtAll>
				<cannotReceiveThoughts>
					<li>NeedFood</li>
                    <li>Naked</li>
                    <li>Pain</li>
					<li>DeadMansApparel</li>
					<li>EnvironmentCold</li>
					<li>EnvironmentHot</li>
				</cannotReceiveThoughts>
			</thoughtSettings>
			<relationSettings>
				<relationChanceModifierChild>0</relationChanceModifierChild>
				<relationChanceModifierExLover>0</relationChanceModifierExLover>
				<relationChanceModifierExSpouse>0</relationChanceModifierExSpouse>
				<relationChanceModifierFiance>0</relationChanceModifierFiance>
				<relationChanceModifierLover>0</relationChanceModifierLover>
				<relationChanceModifierParent>0</relationChanceModifierParent>
				<relationChanceModifierSibling>0</relationChanceModifierSibling>
				<relationChanceModifierSpouse>0</relationChanceModifierSpouse>
			</relationSettings>
			<compatibility>
				<isFlesh>false</isFlesh>
			</compatibility>
		</alienRace>
		<statBases>
			<MarketValue>1400</MarketValue>
			<MoveSpeed>3.00</MoveSpeed>
			<Flammability>0.2</Flammability>
			<PsychicSensitivity>0.3</PsychicSensitivity>
			<ComfyTemperatureMin>-30</ComfyTemperatureMin>
			<ComfyTemperatureMax>35</ComfyTemperatureMax>
			<PainShockThreshold>5</PainShockThreshold>
			<ToxicSensitivity>0.3</ToxicSensitivity>
			<MentalBreakThreshold>0.08</MentalBreakThreshold>
			<GlobalLearningFactor>0.8</GlobalLearningFactor>
			<WorkSpeedGlobal>0.55</WorkSpeedGlobal>
			<ImmunityGainSpeed>10</ImmunityGainSpeed>
			<LeatherAmount>0</LeatherAmount>
			<MeatAmount>0</MeatAmount>
			<SocialImpact>0.7</SocialImpact>
			<ArmorRating_Blunt>0.10</ArmorRating_Blunt>
			<ArmorRating_Sharp>0.15</ArmorRating_Sharp>
			<FoodPoisonChance>0.4</FoodPoisonChance>
			<ButcheryFleshEfficiency>0.6</ButcheryFleshEfficiency>
			<MedicalTendQuality>0.4</MedicalTendQuality>
			<MedicalSurgerySuccessChance>0.6</MedicalSurgerySuccessChance>
			<Mass>32.5</Mass>
		</statBases>
		<tools>
			<li>
				<label>right fist</label>
				<capacities>
					<li>Blunt</li>
				</capacities>
				<power>3</power>
				<cooldownTime>1.2</cooldownTime>
				<linkedBodyPartsGroup>RightHand</linkedBodyPartsGroup>
				<surpriseAttack>
					<extraMeleeDamages>
						<li>
							<def>Stun</def>
							<amount>22</amount>
						</li>
					</extraMeleeDamages>
				</surpriseAttack>
			</li>
			<li>
				<label>left fist</label>
				<capacities>
					<li>Blunt</li>
				</capacities>
				<power>3</power>
				<cooldownTime>1.2</cooldownTime>
				<linkedBodyPartsGroup>LeftHand</linkedBodyPartsGroup>
				<surpriseAttack>
					<extraMeleeDamages>
						<li>
							<def>Stun</def>
							<amount>22</amount>
						</li>
					</extraMeleeDamages>
				</surpriseAttack>
			</li>
			<li>
				<label>head</label>
				<capacities>
					<li>Blunt</li>
				</capacities>
				<power>3</power>
				<cooldownTime>1.2</cooldownTime>
				<linkedBodyPartsGroup>HeadAttackTool</linkedBodyPartsGroup>
				<chanceFactor>0.2</chanceFactor>
			</li>
		</tools>
		<race>
			<thinkTreeMain>AndroidLike</thinkTreeMain>
			<thinkTreeConstant>HumanlikeConstant</thinkTreeConstant>
			<intelligence>Humanlike</intelligence>
			<makesFootprints>true</makesFootprints>
			<lifeExpectancy>200</lifeExpectancy>
			<leatherDef>Tainted_Skin</leatherDef>
			<nameGenerator>NamerAndroidMale</nameGenerator>
			<nameGeneratorFemale>NamerAndroidFemale</nameGeneratorFemale>
			<body>Android4Tier</body>
			<baseHealthScale>0.8</baseHealthScale>
			<needsRest>false</needsRest>
			<foodType>OmnivoreHuman</foodType>
			<baseHungerRate>0.3</baseHungerRate>
			<fleshType>AndroidTier</fleshType>
			<bloodDef>CoolantAndroidTier</bloodDef>
			<useMeatFrom>Alpaca</useMeatFrom>
			<baseBodySize>0.5</baseBodySize>
			<gestationPeriodDays>1</gestationPeriodDays>
			<canBePredatorPrey>false</canBePredatorPrey>
			<lifeStageAges>
				<li>
					<def>HumanlikeAdult</def>
					<minAge>0</minAge>
				</li>
			</lifeStageAges>
			<litterSizeCurve>
				<points>
					<li>(0.5, 0)</li>
					<li>(1, 1)</li>
					<li>(1.01, 0.02)</li>
					<li>(3.5, 0)</li>
				</points>
			</litterSizeCurve>
			<soundMeleeHitPawn>Pawn_Melee_Punch_HitPawn</soundMeleeHitPawn>
			<soundMeleeHitBuilding>Pawn_Melee_Punch_HitBuilding</soundMeleeHitBuilding>
			<soundMeleeMiss>Pawn_Melee_Punch_Miss</soundMeleeMiss>
			<specialShadowData>
				<volume>(0.3, 0.8, 0.4)</volume>
				<offset>(0,0,0)</offset>
			</specialShadowData>
			<ageGenerationCurve>
				<points>
					<li>(0,0)</li>
					<li>(1,100)</li>
					<li>(2,100)</li>
					<li>(20,15)</li>
					<li>(50,30)</li>
					<li>(100,50)</li>
					<li>(150,40)</li>
					<li>(190,15)</li>
					<li>(200,0)</li>
				</points>
			</ageGenerationCurve>
			<hediffGiverSets>
				<li>AndroidStandardAtlas</li>
			</hediffGiverSets>
		</race>
		<recipes>
			<li>ATPP_InstallT1ArtificialBrain</li>
			<li>ATPP_ApplyHealCPUSerum</li>
			<li>ATPP_ApplyHealCoolingSystem</li>
			<li>ATPP_ApplyHealFrameworkSystem</li>
			<li>ATPP_ApplyHydraulicNaniteBank</li>
			<li>ATPP_InstallRXChipOnAndroid</li>
			<li>ATPP_InstallVX0ChipOnAndroid</li>
			<li>ATPP_InstallVX1ChipOnAndroid</li>
			<li>ATPP_InstallVX2ChipOnAndroid</li>
			<li>ATPP_InstallVX3ChipOnAndroid</li>
			<li>ATPP_PaintAndroidFrameworkDefault</li>
			<li>ATPP_PaintAndroidFrameworkRed</li>
			<li>ATPP_PaintAndroidFrameworkOrange</li>
			<li>ATPP_PaintAndroidFrameworkYellow</li>
			<li>ATPP_PaintAndroidFrameworkKhaki</li>
			<li>ATPP_PaintAndroidFrameworkGreen</li>
			<li>ATPP_PaintAndroidFrameworkBlue</li>
			<li>ATPP_PaintAndroidFrameworkCyan</li>
			<li>ATPP_PaintAndroidFrameworkPurple</li>
			<li>ATPP_PaintAndroidFrameworkPink</li>
			<li>ATPP_PaintAndroidFrameworkBlack</li>
			<li>ATPP_PaintAndroidFrameworkWhite</li>
			<li>AdministerMechSerumHealer</li>
			<li>InstallJoywire</li>
			<li>InstallBasicReplacementArm</li>
			<li>InstallBasicReplacementLeg</li>
			<li>InstallLightReceivingDiode</li>
			<li>InstallCrudeHeatsink</li>
			<li>InstallFlimsyCoolantPump</li>
			<li>InstallSmallBatteryPack</li>
			<li>InstallTubeSealantTank</li>
			<li>InstallLowPowerTransformer</li>
			<li>InstallBasicDCConverter</li>
			<li>InstallBasicPlating</li>
			<li>RemoveBodyPartAndroid</li>
			<li>ShutdownAndroid</li>
			<li>InstallFarmingMindImplant</li>
			<li>InstallAnimalMindImplant</li>
			<li>InstallNegotiationMindImplant</li>
			<li>InstallCharismaMindImplant</li>
			<li>InstallPositronMindImplant</li>
			<li>InstallSoldierMindImplant</li>
			<li>InstallBuilderMindImplant</li>
			<li>InstallSurgeonMindImplant</li>
			<li>InstallSpeedMindImplant</li>
			<li>InstallGeoMindImplant</li>
			<li>InstallMechanicMindImplant</li>
			<li>InstallCookingMindImplant</li>
			<li>InstallUnskilledMindImplant</li>
			<li>InstallMakeshiftReplacementArm</li>
			<li>InstallMakeshiftReplacementLeg</li>
			<li>InstallCrudeHearingS</li>
			<li>InstallHydraulicFrame</li>
			<li>InstallHydraulicReplacementLeg</li>
			<li>InstallHydraulicReplacementArm</li>
			<li>ReprogramTraitsAndroidSimple</li>
			<li>OverclockAndroid</li>
			<li>RemoveAndroidSentience</li>
			
						<li>InstallCrudeSmellingS</li>
		</recipes>
		<butcherProducts>
			<Plasteel>10</Plasteel>
			<ComponentIndustrial>2</ComponentIndustrial>
		</butcherProducts>
		<modExtensions>
			<li Class="MOARANDROIDS.AndroidTweaker">
				<tweakCorpseRot>true</tweakCorpseRot>
			</li>
		</modExtensions>
	</AlienRace.ThingDef_AlienRace>
	<TraitDef>
		<defName>SimpleMindedAndroid</defName>
		<commonality>1</commonality>
		<degreeDatas>
			<li>
				<label>Simple minded</label>
				<description>Due to the limitations of this androids mind: they are only barely able to understand and feel emotion. This makes them less than desired in social situations.</description>
				<statOffsets>
					<SocialImpact>-0.90</SocialImpact>
				</statOffsets>				
				<disallowedInspirations>
				  <li>Frenzy_Shoot</li>
				  <li>Frenzy_Work</li>
				  <li>Frenzy_Go</li>
				  <li>Inspired_Trade</li>
				  <li>Inspired_Recruitment</li>
				  <li>Inspired_Taming</li>
				  <li>Inspired_Surgery</li>
				  <li>Inspired_Creativity</li>
				</disallowedInspirations>
			</li>
		</degreeDatas>
	</TraitDef>
	<ThoughtDef>
		<defName>MoodOffsetSimpleMindedAndroid</defName>
		<workerClass>ThoughtWorker_AlwaysActive</workerClass>
		<validWhileDespawned>true</validWhileDespawned>
		<requiredTraits>
			<li>SimpleMindedAndroid</li>
		</requiredTraits>
		<stages>
			<li>
				<label>Simple mind</label>
				<description>I am unable to fully feel emotion.</description>
				<baseMoodEffect>20</baseMoodEffect>
			</li>
		</stages>
	</ThoughtDef>
</Defs>