<?xml version="1.0" encoding="utf-8" ?>
<Patch>

    <Operation Class="PatchOperationFindMod">
        <mods>
            <li>Android tiers - TX Series</li>
        </mods>
	</Operation>

		<Operation Class="PatchOperationAdd">
    <xpath>/Defs/AlienRace.ThingDef_AlienRace[defName="ATPP_Android2TX" or defName="ATPP_Android2ITX" or defName="ATPP_Android2KTX" or defName="ATPP_Android2KITX" or defName="ATPP_Android3TX" or defName="ATPP_Android3ITX" or defName="ATPP_Android4TX" or defName="ATPP_Android4ITX"]/race</xpath>
    <success>Always</success>
	<value>
        <nameGeneratorFemale>NamerAndroidFemale</nameGeneratorFemale>
    </value>
		</Operation>


</Patch>