<?xml version="1.0" encoding="utf-8"?>
<Defs>
	<AlienRace.ThingDef_AlienRace ParentName="BasePawn">
		<defName>Android4Tier</defName>
		<label>T4 Android</label>
		<description>The most advanced form of android conceivable; this tier is able to efficiently hold the consciousness of any AI uploaded onto it, with advanced locomotive abilities and manipulation; this android vastly suprasses most humans.</description>
		<alienRace>
			<raceRestriction>
				<traitList>
					<li>FeelingsTowardHumanity</li>
				</traitList>
			</raceRestriction>
			<generalSettings>
				<maleGenderProbability>.5</maleGenderProbability>
				<allowHumanBios>false</allowHumanBios>
				<maxDamageForSocialfight>6</maxDamageForSocialfight>
				<immuneToAge>false</immuneToAge>
				<disallowedTraits>
					<li>
						<defName>DrugDesire</defName>
					</li>
					<li>
						<defName>AnnoyingVoice</defName>
					</li>
					<li>
						<defName>CreepyBreathing</defName>
					</li>
					<li>
						<defName>Pyromaniac</defName>
					</li>
					<li>
						<defName>Wimp</defName>
					</li>
					<li>
						<defName>Masochist</defName>
					</li>
					<li>
						<defName>NightOwl</defName>
					</li>
					<li>
						<defName>Jealous</defName>
					</li>
					<li>
						<defName>Nudist</defName>
					</li>
					<li>
						<defName>Transhumanist</defName>
					</li>
					<li>
						<defName>BodyPurist</defName>
					</li>
					<li>
						<defName>Beauty</defName>
					</li>
					<li>
						<defName>Immunity</defName>
					</li>
					<li>
						<defName>Tough</defName>
					</li>
					<li>
						<defName>MechAtlas</defName>
					</li>
				</disallowedTraits>
				<notXenophobistTowards>
					<li>Human</li>
					<li>Android3Tier</li>
					<li>Android1Tier</li>
					<li>Android2Tier</li>
				</notXenophobistTowards>
				<alienPartGenerator>
					<alienbodytypes>
						<li>Male</li>
					</alienbodytypes>
					<colorChannels>
						<li>
							<name>skin</name>
							<first Class="ColorGenerator_Options">
								<options>
									<li>
										<weight>10</weight>
										<only>RGBA(0.94,0.94,0.94,1)</only>
									</li>
									<li>
										<weight>10</weight>
										<only>RGBA(0.74,0.74,0.74,1)</only>
									</li>
									<li>
										<weight>5</weight>
										<only>RGBA(0.80,0.80,0.8,1)</only>
									</li>
									<li>
										<weight>5</weight>
										<only>RGBA(0.90,0.90,0.80,1)</only>
									</li>
								</options>
							</first>
						</li>
					</colorChannels>
				</alienPartGenerator>
			</generalSettings>
			<graphicPaths>
				<li>
					<body>Things/Droids/tier4/body/</body>
					<head>Things/Droids/tier4/head/</head>
				</li>
			</graphicPaths>
			<hairSettings>
				<hasHair>false</hasHair>
			</hairSettings>
			<thoughtSettings>
				<cannotReceiveThoughtsAtAll>false</cannotReceiveThoughtsAtAll>
				<cannotReceiveThoughts>
					<li>NeedFood</li>
					<li>Naked</li>
					<li>Pain</li>
					<li>SleepDisturbed</li>
					<li>SleptOnGround</li>
					<li>ArtifactMoodBoost</li>
					<li>EnvironmentCold</li>
					<li>EnvironmentHot</li>
				</cannotReceiveThoughts>
			</thoughtSettings>
			<relationSettings>
				<relationChanceModifierChild>0</relationChanceModifierChild>
				<relationChanceModifierExLover>0</relationChanceModifierExLover>
				<relationChanceModifierExSpouse>0</relationChanceModifierExSpouse>
				<relationChanceModifierFiance>0</relationChanceModifierFiance>
				<relationChanceModifierLover>0</relationChanceModifierLover>
				<relationChanceModifierParent>0</relationChanceModifierParent>
				<relationChanceModifierSibling>0</relationChanceModifierSibling>
				<relationChanceModifierSpouse>0</relationChanceModifierSpouse>
			</relationSettings>
		</alienRace>
		<statBases>
			<MarketValue>6000</MarketValue>
			<MoveSpeed>7.20</MoveSpeed>
			<Flammability>0.25</Flammability>
			<PsychicSensitivity>0.1</PsychicSensitivity>
			<ComfyTemperatureMin>-70</ComfyTemperatureMin>
			<ComfyTemperatureMax>70</ComfyTemperatureMax>
			<PainShockThreshold>5</PainShockThreshold>
			<ToxicSensitivity>0.05</ToxicSensitivity>
			<MentalBreakThreshold>0.3</MentalBreakThreshold>
			<GlobalLearningFactor>2</GlobalLearningFactor>
			<WorkSpeedGlobal>1.8</WorkSpeedGlobal>
			<ImmunityGainSpeed>10</ImmunityGainSpeed>
			<LeatherAmount>0</LeatherAmount>
			<MeatAmount>0</MeatAmount>
			<SocialImpact>0.8</SocialImpact>
			<ArmorRating_Blunt>0.40</ArmorRating_Blunt>
			<ArmorRating_Sharp>0.50</ArmorRating_Sharp>
			<ButcheryFleshEfficiency>0.8</ButcheryFleshEfficiency>
			<MedicalSurgerySuccessChance>1.2</MedicalSurgerySuccessChance>
			<Mass>72.5</Mass>
		</statBases>
		<tools>
			<li>
				<label>right fist</label>
				<capacities>
					<li>Blunt</li>
				</capacities>
				<power>20</power>
				<cooldownTime>1.2</cooldownTime>
				<linkedBodyPartsGroup>RightHand</linkedBodyPartsGroup>
				<surpriseAttack>
					<extraMeleeDamages>
						<li>
							<def>Stun</def>
							<amount>22</amount>
						</li>
					</extraMeleeDamages>
				</surpriseAttack>
			</li>
			<li>
				<label>left fist</label>
				<capacities>
					<li>Blunt</li>
				</capacities>
				<power>20</power>
				<cooldownTime>1.2</cooldownTime>
				<linkedBodyPartsGroup>LeftHand</linkedBodyPartsGroup>
				<surpriseAttack>
					<extraMeleeDamages>
						<li>
							<def>Stun</def>
							<amount>22</amount>
						</li>
					</extraMeleeDamages>
				</surpriseAttack>
			</li>
			<li>
				<label>head</label>
				<capacities>
					<li>Blunt</li>
				</capacities>
				<power>15</power>
				<cooldownTime>1.2</cooldownTime>
				<linkedBodyPartsGroup>HeadAttackTool</linkedBodyPartsGroup>
				<chanceFactor>0.2</chanceFactor>
			</li>
		</tools>
		<race>
			<thinkTreeMain>AndroidLike</thinkTreeMain>
			<thinkTreeConstant>HumanlikeConstant</thinkTreeConstant>
			<intelligence>Humanlike</intelligence>
			<makesFootprints>true</makesFootprints>
			<lifeExpectancy>900</lifeExpectancy>
			<leatherDef>Tainted_Skin</leatherDef>
			<nameGenerator>NamerAndroidMale</nameGenerator>
			<nameGeneratorFemale>NamerAndroidFemale</nameGeneratorFemale>
			<body>Android4Tier</body>
			<baseHealthScale>1.4</baseHealthScale>
			<needsRest>false</needsRest>
			<foodType>OmnivoreHuman</foodType>
			<baseHungerRate>1.2</baseHungerRate>
			<fleshType>Android</fleshType>
			<bloodDef>CoolantAndroidTier</bloodDef>
			<useMeatFrom>Alpaca</useMeatFrom>
			<baseBodySize>1.2</baseBodySize>
			<gestationPeriodDays>1</gestationPeriodDays>
			<canBePredatorPrey>false</canBePredatorPrey>
			<lifeStageAges>
				<li>
					<def>HumanlikeAdult</def>
					<minAge>0</minAge>
				</li>
			</lifeStageAges>
			<litterSizeCurve>
				<points>
					<li>(0.5, 0)</li>
					<li>(1, 1)</li>
					<li>(1.01, 0.02)</li>
					<li>(3.5, 0)</li>
				</points>
			</litterSizeCurve>
			<soundMeleeHitPawn>Pawn_Melee_Punch_HitPawn</soundMeleeHitPawn>
			<soundMeleeHitBuilding>Pawn_Melee_Punch_HitBuilding</soundMeleeHitBuilding>
			<soundMeleeMiss>Pawn_Melee_Punch_Miss</soundMeleeMiss>
			<specialShadowData>
				<volume>(0.3, 0.8, 0.4)</volume>
				<offset>(0,0,0)</offset>
			</specialShadowData>
			<ageGenerationCurve>
				<points>
					<li>(0,0)</li>
					<li>(1,100)</li>
					<li>(2,100)</li>
					<li>(20,5)</li>
					<li>(100,25)</li>
					<li>(200,45)</li>
					<li>(400,25)</li>
					<li>(600,10)</li>
					<li>(900,0)</li>
				</points>
			</ageGenerationCurve>
			<hediffGiverSets>
				<li>AndroidStandardAtlas</li>
			</hediffGiverSets>
		</race>
		<recipes>
			<li>ATPP_InstallT4ArtificialBrain</li>
			<li>ATPP_ApplyHealCPUSerum</li>
			<li>ATPP_ApplyHealCoolingSystem</li>
			<li>ATPP_ApplyHealFrameworkSystem</li>
			<li>ATPP_ApplyHydraulicNaniteBank</li>
			<li>ATPP_InstallRXChipOnAndroid</li>
			<li>ATPP_InstallVX0ChipOnAndroid</li>
			<li>ATPP_InstallVX1ChipOnAndroid</li>
			<li>ATPP_InstallVX2ChipOnAndroid</li>
			<li>ATPP_InstallVX3ChipOnAndroid</li>
			<li>ATPP_PaintAndroidFrameworkDefault</li>
			<li>ATPP_PaintAndroidFrameworkRed</li>
			<li>ATPP_PaintAndroidFrameworkOrange</li>
			<li>ATPP_PaintAndroidFrameworkYellow</li>
			<li>ATPP_PaintAndroidFrameworkKhaki</li>
			<li>ATPP_PaintAndroidFrameworkGreen</li>
			<li>ATPP_PaintAndroidFrameworkBlue</li>
			<li>ATPP_PaintAndroidFrameworkCyan</li>
			<li>ATPP_PaintAndroidFrameworkPurple</li>
			<li>ATPP_PaintAndroidFrameworkPink</li>
			<li>ATPP_PaintAndroidFrameworkBlack</li>
			<li>ATPP_PaintAndroidFrameworkWhite</li>
			<li>AdministerMechSerumHealer</li>
			<li>InstallJoywire</li>
			<li>InstallBasicReplacementArm</li>
			<li>InstallBasicReplacementLeg</li>
			<li>InstallLightReceivingDiode</li>
			<li>InstallCrudeHeatsink</li>
			<li>InstallFlimsyCoolantPump</li>
			<li>InstallSmallBatteryPack</li>
			<li>InstallTubeSealantTank</li>
			<li>InstallLowPowerTransformer</li>
			<li>InstallBasicDCConverter</li>
			<li>InstallMultiSpectrumEye</li>
			<li>InstallMultiLayerHeatsink</li>
			<li>InstallAdvancedCoolantInjector</li>
			<li>InstallNanowireBattery</li>
			<li>InstallNaniteStorageDevice</li>
			<li>InstallHighPowerTransformer</li>
			<li>InstallHighPowerConverter</li>
			<li>InstallBasicPlating</li>
			<li>InstallAdvPlating</li>
			<li>InstallAdvancedReplacementLeg</li>
			<li>InstallAdvancedReplacementArm</li>
			<li>InstallAdv2Plating</li>
			<li>RemoveBodyPartAndroid</li>
			<li>ShutdownAndroid</li>
			<li>InstallFarmingMindImplant</li>
			<li>InstallAnimalMindImplant</li>
			<li>InstallNegotiationMindImplant</li>
			<li>InstallCharismaMindImplant</li>
			<li>InstallPositronMindImplant</li>
			<li>InstallSoldierMindImplant</li>
			<li>InstallBuilderMindImplant</li>
			<li>InstallSurgeonMindImplant</li>
			<li>InstallSpeedMindImplant</li>
			<li>InstallGeoMindImplant</li>
			<li>InstallEvolvingMindImplant</li>
			<li>InstallMechanicMindImplant</li>
			<li>InstallCookingMindImplant</li>
			<li>InstallUnskilledMindImplant</li>
			<li>InstallQuantumConverter</li>
			<li>InstallMolecularDecomposer</li>
			<li>InstallArchotechNanites</li>
			<li>InstallSecretBatteryPack</li>
			<li>InstallSecretCoolantPump</li>
			<li>InstallSecretHeatsink</li>
			<li>InstallMDEye</li>
			<li>InstallCyberReplacementArm</li>
			<li>InstallCyberReplacementLeg</li>
			<li>InstallMakeshiftReplacementArm</li>
			<li>InstallMakeshiftReplacementLeg</li>
			<li>InstallSmellingAdvS</li>
			<li>InstallAdvHearingS</li>
			<li>InstallArchHearingS</li>
			<li>InstallCrudeHearingS</li>
			<li>InstallHydraulicFrame</li>
			<li>InstallHydraulicReplacementLeg</li>
			<li>InstallHydraulicReplacementArm</li>
			<li>InstallDrill_ATArm</li>
			<li>ReprogramTraitsAndroidAdv</li>
			<li>OverclockAndroid</li>
			<li>RemoveAndroidSentience</li>
			<li>RerollAndroidTraits</li>
			
			<li>InstallCrudeSmellingS</li>
			<li>InstallArchSmellingS</li>
			<!--Plating and shield-->
		</recipes>
		<butcherProducts>
			<Plasteel>50</Plasteel>
			<ComponentIndustrial>8</ComponentIndustrial>
			<AIPersonaCore>1</AIPersonaCore>
		</butcherProducts>
		<modExtensions>
			<li Class="MOARANDROIDS.AndroidTweaker">
				<tweakCorpseRot>true</tweakCorpseRot>
			</li>
		</modExtensions>
	</AlienRace.ThingDef_AlienRace>
</Defs>